{
  "model_type": "StructuredGCN",
  "num_entities": 8290,
  "num_triplets": 9846,
  "score_range": {
    "min": 0.00035598137765191495,
    "max": 0.9966731071472168,
    "mean": 0.40112305130409104,
    "std": 0.22033808957342316
  },
  "training_complete": true
}